exp,nu,noise_rel,tau,rmse_fwd,rmse_bwd,growth_ratio,skill,loss_rate,capacity,z_tau,verdict
exp1,0.0002,0.01,0.49974652130855146,1.7845823256574247e-14,0.4054149171818429,405414917181.8429,0.04742939898624186,686.9695122921619,5524,0.05920123234078746,Inconclusive
exp1,0.0002,0.01,0.7368873865154758,2.6185122260901808e-14,1.436282355424904,1436282355424.904,0.04742939898624186,699.4204804960074,5524,0.08887568720558033,Inconclusive
exp1,0.0002,0.01,0.9740282517223996,3.4503136320576255e-14,11.66315947219366,11663159472193.66,0.04742939898624186,712.3014783999309,5524,0.11964068845710257,Inconclusive
exp1,0.0002,0.01,1.210373342213864,4.2776552330811904e-14,104.45663740163967,104456637401639.67,0.04742939898624186,725.6045472068462,5524,0.15144775839863747,Inconclusive
exp1,0.0002,0.01,1.4475142074207885,5.116947786271239e-14,987.5569624488397,987556962448839.8,0.04742939898624186,739.4604479211229,5524,0.1845785748770036,Inconclusive
exp1,0.0002,0.01,1.683859297912253,5.948147091854554e-14,9574.580970731042,9574580970731042.0,0.04742939898624186,753.8198435087467,5524,0.21888543753499537,Inconclusive
exp1,0.0002,0.01,1.9210001631191769,6.796094718935511e-14,95892.62610609834,9.589262610609834e+16,0.04742939898624186,768.8253695953667,5524,0.2546822109224081,Inconclusive
exp1,0.0002,0.01,2.158141028326101,7.629625867934092e-14,979358.0479503649,9.793580479503649e+17,0.04742939898624186,784.4779274996891,5524,0.2919470247290575,Inconclusive
exp1,0.0002,0.01,2.3944861188175657,8.454686683609757e-14,10080838.379922835,1.0080838379922835e+19,0.04742939898624186,800.7728398882585,5524,0.33064743822577386,Inconclusive
exp1,0.0002,0.01,2.6316269840244897,9.27548075057514e-14,105925376.51386154,1.0592537651386153e+20,0.04742939898624186,817.8754942381629,5524,0.37115475649219154,Inconclusive
exp1,0.0002,0.01,2.8687678492314137,1.0107737715941042e-13,1124744056.947812,1.1247440569478121e+21,0.04742939898624186,835.7935068040999,5524,0.413464190369215,Inconclusive
exp1,0.0002,0.01,3.1051129397228783,1.0932532065168704e-13,11950831119.28213,1.195083111928213e+22,0.04742939898624186,854.5293566742376,5524,0.4575598322768816,Inconclusive
exp1,0.0002,0.01,3.3422538049298023,1.1763247926855937e-13,128914482074.58955,1.2891448207458956e+23,0.04742939898624186,874.2814152794823,5524,0.5038881869217909,Inconclusive
exp1,0.0002,0.01,3.578598895421267,1.2601993869546697e-13,1387752428585.9207,1.3877524285859208e+24,0.04779145546705286,894.992972950113,5524,0.5520914905319906,Inconclusive
exp1,0.0002,0.01,3.815739760628191,1.342516284278273e-13,15133925631988.729,1.513392563198873e+25,0.04833454018826937,916.8823536028442,5524,0.6027302645983367,Inconclusive
exp1,0.0002,0.01,4.052880625835115,1.427207648371339e-13,165728955920466.25,1.6572895592046625e+26,0.05068790731354091,939.9629974698873,5524,0.6546812649689532,Inconclusive
exp1,0.0002,0.01,4.28922571632658,1.5108943057196493e-13,1806621669722765.5,1.8066216697227655e+27,0.055756698044895005,964.2361333816849,5524,0.7069562626811903,Inconclusive
exp1,0.0002,0.01,4.5263665815335035,1.5942506398757597e-13,1.9911535779493796e+16,1.9911535779493796e+28,0.028783490224475017,989.9567895615124,5524,0.7878224433598658,Inconclusive
exp1,0.0002,0.01,4.763507446740428,1.6775624046732812e-13,2.199985209616475e+17,2.199985209616475e+29,0.0005430847212165098,1017.1463901917418,5524,0.8766388592473139,Inconclusive
exp1,0.0002,0.01,4.9998525372318925,1.760088159203457e-13,2.4162304898954634e+18,2.4162304898954636e+30,0.0,1045.8161995037963,5524,0.9465834139332496,Inconclusive
exp1,0.0002,0.02,0.49974652130855146,1.7845823256574247e-14,0.5194292146965225,519429214696.52246,0.049239681390296886,686.9695122921619,5524,0.0590887252477795,Inconclusive
exp1,0.0002,0.02,0.7368873865154758,2.6185122260901808e-14,2.8823423863439106,2882342386343.9106,0.049239681390296886,699.4204804960074,5524,0.08870678624167767,Inconclusive
exp1,0.0002,0.02,0.9740282517223996,3.4503136320576255e-14,25.41223181789264,25412231817892.64,0.049239681390296886,712.3014783999309,5524,0.11941332112822173,Inconclusive
exp1,0.0002,0.02,1.210373342213864,4.2776552330811904e-14,242.4683741986219,242468374198621.9,0.049239681390296886,725.6045472068462,5524,0.15115994433858684,Inconclusive
exp1,0.0002,0.02,1.4475142074207885,5.116947786271239e-14,2440.2556974796025,2440255697479602.5,0.049239681390296886,739.4604479211229,5524,0.18422779841391543,Inconclusive
exp1,0.0002,0.02,1.683859297912253,5.948147091854554e-14,25095.038216285433,2.509503821628543e+16,0.049239681390296886,753.8198435087467,5524,0.21846946368943287,Inconclusive
exp1,0.0002,0.02,1.9210001631191769,6.796094718935511e-14,265442.82170856494,2.6544282170856493e+17,0.049239681390296886,768.8253695953667,5524,0.2541982082410657,Inconclusive
exp1,0.0002,0.02,2.158141028326101,7.629625867934092e-14,2849288.723453273,2.849288723453273e+18,0.049239681390296886,784.4779274996891,5524,0.29139220332136256,Inconclusive
exp1,0.0002,0.02,2.3944861188175657,8.454686683609757e-14,30673789.834419645,3.0673789834419646e+19,0.049239681390296886,800.7728398882585,5524,0.33001906985210266,Inconclusive
exp1,0.0002,0.02,2.6316269840244897,9.27548075057514e-14,335638477.6238806,3.3563847762388065e+20,0.049239681390296886,817.8754942381629,5524,0.37044940727802916,Inconclusive
exp1,0.0002,0.02,2.8687678492314137,1.0107737715941042e-13,3696160094.691157,3.696160094691157e+21,0.049239681390296886,835.7935068040999,5524,0.4126784355414514,Inconclusive
exp1,0.0002,0.02,3.1051129397228783,1.0932532065168704e-13,40576994387.47776,4.057699438747776e+22,0.049239681390296886,854.5293566742376,5524,0.45669027729345923,Inconclusive
exp1,0.0002,0.02,3.3422538049298023,1.1763247926855937e-13,450815301010.55414,4.508153010105542e+23,0.049239681390296886,874.2814152794823,5524,0.5029305886950297,Inconclusive
exp1,0.0002,0.02,3.578598895421267,1.2601993869546697e-13,4983460305283.596,4.983460305283596e+24,0.048515568428674875,894.992972950113,5524,0.5516716490943238,Inconclusive
exp1,0.0002,0.02,3.815739760628191,1.342516284278273e-13,55670391296662.836,5.567039129666284e+25,0.05050687907313541,916.8823536028442,5524,0.6013544298684185,Inconclusive
exp1,0.0002,0.02,4.052880625835115,1.427207648371339e-13,623083324722859.6,6.230833247228597e+26,0.05195510499637943,939.9629974698873,5524,0.6538073578646848,Inconclusive
exp1,0.0002,0.02,4.28922571632658,1.5108943057196493e-13,6927843927381953.0,6.927843927381953e+27,0.04489500362056481,964.2361333816849,5524,0.7150884282795169,Inconclusive
exp1,0.0002,0.02,4.5263665815335035,1.5942506398757597e-13,7.774701494980712e+16,7.7747014949807125e+28,0.00832729905865315,989.9567895615124,5524,0.8044159076841279,Inconclusive
exp1,0.0002,0.02,4.763507446740428,1.6775624046732812e-13,8.733080928759924e+17,8.733080928759924e+29,0.00018102824040550325,1017.1463901917418,5524,0.8769564244924679,Inconclusive
exp1,0.0002,0.02,4.9998525372318925,1.760088159203457e-13,9.737081437772407e+18,9.737081437772407e+30,0.0,1045.8161995037963,5524,0.9465834139332496,Inconclusive
exp1,0.0002,0.05,0.49974652130855146,1.7845823256574247e-14,0.9908089454630542,990808945463.0542,0.049239681390296886,686.9695122921619,5524,0.0590887252477795,Inconclusive
exp1,0.0002,0.05,0.7368873865154758,2.6185122260901808e-14,6.580652388686516,6580652388686.516,0.049239681390296886,699.4204804960074,5524,0.08870678624167767,Inconclusive
exp1,0.0002,0.05,0.9740282517223996,3.4503136320576255e-14,53.723726081848305,53723726081848.305,0.049239681390296886,712.3014783999309,5524,0.11941332112822173,Inconclusive
exp1,0.0002,0.05,1.210373342213864,4.2776552330811904e-14,469.51094332194094,469510943321940.94,0.049239681390296886,725.6045472068462,5524,0.15115994433858684,Inconclusive
exp1,0.0002,0.05,1.4475142074207885,5.116947786271239e-14,4329.528923187649,4329528923187648.5,0.049239681390296886,739.4604479211229,5524,0.18422779841391543,Inconclusive
exp1,0.0002,0.05,1.683859297912253,5.948147091854554e-14,40940.33756249245,4.0940337562492456e+16,0.049239681390296886,753.8198435087467,5524,0.21846946368943287,Inconclusive
exp1,0.0002,0.05,1.9210001631191769,6.796094718935511e-14,399819.286355742,3.99819286355742e+17,0.049239681390296886,768.8253695953667,5524,0.2541982082410657,Inconclusive
exp1,0.0002,0.05,2.158141028326101,7.629625867934092e-14,3980973.144290674,3.980973144290674e+18,0.049239681390296886,784.4779274996891,5524,0.29139220332136256,Inconclusive
exp1,0.0002,0.05,2.3944861188175657,8.454686683609757e-14,39944995.002548896,3.9944995002548896e+19,0.049239681390296886,800.7728398882585,5524,0.33001906985210266,Inconclusive
exp1,0.0002,0.05,2.6316269840244897,9.27548075057514e-14,409017401.18099076,4.0901740118099073e+20,0.049239681390296886,817.8754942381629,5524,0.37044940727802916,Inconclusive
exp1,0.0002,0.05,2.8687678492314137,1.0107737715941042e-13,4231041595.017144,4.231041595017144e+21,0.049239681390296886,835.7935068040999,5524,0.4126784355414514,Inconclusive
exp1,0.0002,0.05,3.1051129397228783,1.0932532065168704e-13,43786265199.12862,4.378626519912862e+22,0.049239681390296886,854.5293566742376,5524,0.45669027729345923,Inconclusive
exp1,0.0002,0.05,3.3422538049298023,1.1763247926855937e-13,459818842434.05536,4.598188424340554e+23,0.049239681390296886,874.2814152794823,5524,0.5029305886950297,Inconclusive
exp1,0.0002,0.05,3.578598895421267,1.2601993869546697e-13,4817320021927.61,4.8173200219276104e+24,0.049058653149891385,894.992972950113,5524,0.5513567680160736,Inconclusive
exp1,0.0002,0.05,3.815739760628191,1.342516284278273e-13,51100883387775.63,5.110088338777563e+25,0.049058653149891385,916.8823536028442,5524,0.6022716530216973,Inconclusive
exp1,0.0002,0.05,4.052880625835115,1.427207648371339e-13,544088327741735.0,5.44088327741735e+26,0.048515568428674875,939.9629974698873,5524,0.656179391433413,Inconclusive
exp1,0.0002,0.05,4.28922571632658,1.5108943057196493e-13,5764837717563997.0,5.764837717563997e+27,0.0445329471397538,964.2361333816849,5524,0.7153595004661277,Inconclusive
exp1,0.0002,0.05,4.5263665815335035,1.5942506398757597e-13,6.172360895055272e+16,6.172360895055272e+28,0.007422157856625634,989.9567895615124,5524,0.8051501317692722,Inconclusive
exp1,0.0002,0.05,4.763507446740428,1.6775624046732812e-13,6.622501287146692e+17,6.622501287146692e+29,0.00018102824040550325,1017.1463901917418,5524,0.8769564244924679,Inconclusive
exp1,0.0002,0.05,4.9998525372318925,1.760088159203457e-13,7.061250908237195e+18,7.061250908237195e+30,0.0,1045.8161995037963,5524,0.9465834139332496,Inconclusive
exp1,0.0005,0.01,0.49974652130855146,1.8118667401404778e-14,149.7369012154486,149736901215448.6,0.04489500362056481,659.8968743047469,5524,0.05701948599814151,Supported
exp1,0.0005,0.01,0.7368873865154758,2.6745706903953796e-14,45996.17046564139,4.599617046564139e+16,0.04489500362056481,681.1083997290613,5524,0.08677903291550941,Supported
exp1,0.0005,0.01,0.9740282517223996,3.527674722906541e-14,16106483.648475401,1.6106483648475402e+19,0.04489500362056481,703.649305833658,5524,0.11850188656115547,Supported
exp1,0.0005,0.01,1.210373342213864,4.391679987401174e-14,5919113826.319894,5.919113826319894e+21,0.04489500362056481,727.4626623361967,5524,0.15223955463080474,Supported
exp1,0.0005,0.01,1.4475142074207885,5.2889106957458277e-14,2305965681091.175,2.305965681091175e+24,0.04525706010137581,752.7492470887267,5524,0.18832412162281387,Supported
exp1,0.0005,0.01,1.683859297912253,6.141406852395034e-14,901252234526105.1,9.012522345261051e+26,0.0447139753801593,779.4181999053932,5524,0.22696353984467563,Supported
exp1,0.0005,0.01,1.9210001631191769,7.002909484902712e-14,3.649718376213673e+17,3.649718376213673e+29,0.000724112961622013,807.792503119291,5524,0.2807106940311904,Supported
exp1,0.0005,0.01,2.158141028326101,7.87734258074483e-14,1.4945790949759707e+20,1.4945790949759706e+32,0.0,838.0111651484661,5524,0.32739795034436364,Supported
exp1,0.0005,0.01,2.3944861188175657,8.755891767234539e-14,6.0502205940887e+22,6.0502205940887e+34,0.0,870.2701169277909,5524,0.37723564710451396,Supported
exp1,0.0005,0.01,2.6316269840244897,9.620087884612171e-14,2.5171043099170724e+25,2.5171043099170724e+37,0.0,905.1481660985764,5524,0.43121150225294974,Supported
exp1,0.0005,0.01,2.8687678492314137,1.0492537782453953e-13,1.053565519683822e+28,1.053565519683822e+40,0.0,942.9059937244925,5524,0.48967748002252376,Supported
exp1,0.0005,0.01,3.1051129397228783,1.1334030332941739e-13,4.3438058999919214e+30,4.3438058999919214e+42,0.0,983.7255188815394,5524,0.552965032189477,Supported
exp1,0.0005,0.01,3.3422538049298023,1.2226039080242572e-13,1.8357727182200798e+33,1.83577271822008e+45,0.0,1028.1720320691772,5524,0.6220875970864617,Supported
exp1,0.0005,0.01,3.578598895421267,1.3096455692790459e-13,7.631202439191023e+35,7.631202439191023e+47,0.0,1076.2729071629149,5524,0.6972391449574661,Supported
exp1,0.0005,0.01,3.815739760628191,1.3964657805489017e-13,3.2475268799120612e+38,3.247526879912061e+50,0.0,1128.8222896970517,5524,0.7797415085952922,Supported
exp1,0.0005,0.01,4.052880625835115,1.482860559696847e-13,1.3855428101401272e+41,1.3855428101401272e+53,0.0,1186.3646139360199,5524,0.8704189281313633,Supported
exp1,0.0005,0.01,4.28922571632658,1.5700276435553428e-13,5.80378354884118e+43,5.80378354884118e+55,0.0,1249.6238222297807,5524,0.9702966390373443,Supported
exp1,0.0005,0.01,4.5263665815335035,1.658450526087051e-13,2.4845024706227763e+46,2.4845024706227764e+58,0.0,1320.2378691582423,5524,1.0818031445751033,Supported
exp1,0.0005,0.01,4.763507446740428,1.7459952338575038e-13,1.0644851306997422e+49,1.0644851306997422e+61,0.0,1399.5533437164904,5524,1.2068759549065837,Supported
exp1,0.0005,0.01,4.9998525372318925,1.8308916144557285e-13,4.470402938327639e+51,4.470402938327639e+63,0.0,1489.1400812332688,5524,1.347842290631402,Supported
exp1,0.0005,0.02,0.49974652130855146,1.8118667401404778e-14,300.79465648474377,300794656484743.75,0.042722664735698766,659.8968743047469,5524,0.057149173987523186,Supported
exp1,0.0005,0.02,0.7368873865154758,2.6745706903953796e-14,87528.12882584643,8.752812882584643e+16,0.042722664735698766,681.1083997290613,5524,0.0869764075165303,Supported
exp1,0.0005,0.02,0.9740282517223996,3.527674722906541e-14,29419881.78459895,2.941988178459895e+19,0.042722664735698766,703.649305833658,5524,0.11877141321747349,Supported
exp1,0.0005,0.02,1.210373342213864,4.391679987401174e-14,10522651832.422861,1.0522651832422861e+22,0.042722664735698766,727.4626623361967,5524,0.15258581593777398,Supported
exp1,0.0005,0.02,1.4475142074207885,5.2889106957458277e-14,4039078977142.48,4.03907897714248e+24,0.042722664735698766,752.7492470887267,5524,0.1888240339669017,Supported
exp1,0.0005,0.02,1.683859297912253,6.141406852395034e-14,1571944393400804.0,1.571944393400804e+27,0.04055032585083273,779.4181999053932,5524,0.22795276884153512,Supported
exp1,0.0005,0.02,1.9210001631191769,7.002909484902712e-14,6.391895563047628e+17,6.391895563047627e+29,0.0,807.792503119291,5524,0.28091410757758983,Supported
exp1,0.0005,0.02,2.158141028326101,7.87734258074483e-14,2.6440689369449205e+20,2.6440689369449205e+32,0.0,838.0111651484661,5524,0.32739795034436364,Supported
exp1,0.0005,0.02,2.3944861188175657,8.755891767234539e-14,1.085308556029298e+23,1.085308556029298e+35,0.0,870.2701169277909,5524,0.37723564710451396,Supported
exp1,0.0005,0.02,2.6316269840244897,9.620087884612171e-14,4.588075822171006e+25,4.588075822171006e+37,0.0,905.1481660985764,5524,0.43121150225294974,Supported
exp1,0.0005,0.02,2.8687678492314137,1.0492537782453953e-13,1.9528048330203789e+28,1.952804833020379e+40,0.0,942.9059937244925,5524,0.48967748002252376,Supported
exp1,0.0005,0.02,3.1051129397228783,1.1334030332941739e-13,8.185081205512098e+30,8.185081205512099e+42,0.0,983.7255188815394,5524,0.552965032189477,Supported
exp1,0.0005,0.02,3.3422538049298023,1.2226039080242572e-13,3.513935464770683e+33,3.5139354647706826e+45,0.0,1028.1720320691772,5524,0.6220875970864617,Supported
exp1,0.0005,0.02,3.578598895421267,1.3096455692790459e-13,1.4820100340849898e+36,1.48201003408499e+48,0.0,1076.2729071629149,5524,0.6972391449574661,Supported
exp1,0.0005,0.02,3.815739760628191,1.3964657805489017e-13,6.390216068250183e+38,6.390216068250183e+50,0.0,1128.8222896970517,5524,0.7797415085952922,Supported
exp1,0.0005,0.02,4.052880625835115,1.482860559696847e-13,2.758417021712563e+41,2.758417021712563e+53,0.0,1186.3646139360199,5524,0.8704189281313633,Supported
exp1,0.0005,0.02,4.28922571632658,1.5700276435553428e-13,1.1673406016868654e+44,1.1673406016868654e+56,0.0,1249.6238222297807,5524,0.9702966390373443,Supported
exp1,0.0005,0.02,4.5263665815335035,1.658450526087051e-13,5.042029153425389e+46,5.042029153425389e+58,0.0,1320.2378691582423,5524,1.0818031445751033,Supported
exp1,0.0005,0.02,4.763507446740428,1.7459952338575038e-13,2.1769559205838406e+49,2.1769559205838407e+61,0.0,1399.5533437164904,5524,1.2068759549065837,Supported
exp1,0.0005,0.02,4.9998525372318925,1.8308916144557285e-13,9.20259495820163e+51,9.202594958201631e+63,0.0,1489.1400812332688,5524,1.347842290631402,Supported
exp1,0.0005,0.05,0.49974652130855146,1.8118667401404778e-14,759.1223803228222,759122380322822.2,0.04344677769732078,659.8968743047469,5524,0.05710594465772929,Supported
exp1,0.0005,0.05,0.7368873865154758,2.6745706903953796e-14,224752.90906046686,2.2475290906046688e+17,0.04344677769732078,681.1083997290613,5524,0.08691061598285667,Supported
exp1,0.0005,0.05,0.9740282517223996,3.527674722906541e-14,75825927.84622635,7.582592784622635e+19,0.04344677769732078,703.649305833658,5524,0.11868157099870083,Supported
exp1,0.0005,0.05,1.210373342213864,4.391679987401174e-14,27120872968.4976,2.71208729684976e+22,0.04344677769732078,727.4626623361967,5524,0.15247039550211758,Supported
exp1,0.0005,0.05,1.4475142074207885,5.2889106957458277e-14,10409120327002.068,1.0409120327002068e+25,0.04344677769732078,752.7492470887267,5524,0.1886812018685909,Supported
exp1,0.0005,0.05,1.683859297912253,6.141406852395034e-14,4049771321388187.0,4.049771321388187e+27,0.03946415640839971,779.4181999053932,5524,0.2282108285798463,Supported
exp1,0.0005,0.05,1.9210001631191769,7.002909484902712e-14,1.6448646530364792e+18,1.6448646530364793e+30,0.0,807.792503119291,5524,0.28091410757758983,Supported
exp1,0.0005,0.05,2.158141028326101,7.87734258074483e-14,6.789875059286137e+20,6.789875059286136e+32,0.0,838.0111651484661,5524,0.32739795034436364,Supported
exp1,0.0005,0.05,2.3944861188175657,8.755891767234539e-14,2.7791702371319287e+23,2.7791702371319287e+35,0.0,870.2701169277909,5524,0.37723564710451396,Supported
exp1,0.0005,0.05,2.6316269840244897,9.620087884612171e-14,1.1710976517338286e+26,1.1710976517338286e+38,0.0,905.1481660985764,5524,0.43121150225294974,Supported
exp1,0.0005,0.05,2.8687678492314137,1.0492537782453953e-13,4.968093749136796e+28,4.968093749136796e+40,0.0,942.9059937244925,5524,0.48967748002252376,Supported
exp1,0.0005,0.05,3.1051129397228783,1.1334030332941739e-13,2.075824746916682e+31,2.0758247469166822e+43,0.0,983.7255188815394,5524,0.552965032189477,Supported
exp1,0.0005,0.05,3.3422538049298023,1.2226039080242572e-13,8.8861377239368e+33,8.886137723936799e+45,0.0,1028.1720320691772,5524,0.6220875970864617,Supported
exp1,0.0005,0.05,3.578598895421267,1.3096455692790459e-13,3.7382626607104606e+36,3.7382626607104605e+48,0.0,1076.2729071629149,5524,0.6972391449574661,Supported
exp1,0.0005,0.05,3.815739760628191,1.3964657805489017e-13,1.608341888062585e+39,1.608341888062585e+51,0.0,1128.8222896970517,5524,0.7797415085952922,Supported
exp1,0.0005,0.05,4.052880625835115,1.482860559696847e-13,6.929597249602061e+41,6.92959724960206e+53,0.0,1186.3646139360199,5524,0.8704189281313633,Supported
exp1,0.0005,0.05,4.28922571632658,1.5700276435553428e-13,2.9279285550126928e+44,2.927928555012693e+56,0.0,1249.6238222297807,5524,0.9702966390373443,Supported
exp1,0.0005,0.05,4.5263665815335035,1.658450526087051e-13,1.2629677123846252e+47,1.2629677123846252e+59,0.0,1320.2378691582423,5524,1.0818031445751033,Supported
exp1,0.0005,0.05,4.763507446740428,1.7459952338575038e-13,5.446988288818287e+49,5.446988288818286e+61,0.0,1399.5533437164904,5524,1.2068759549065837,Supported
exp1,0.0005,0.05,4.9998525372318925,1.8308916144557285e-13,2.3004853163417605e+52,2.3004853163417607e+64,0.0,1489.1400812332688,5524,1.347842290631402,Supported
exp1,0.001,0.01,0.49974652130855146,1.7511022725163516e-14,33055284.47992631,3.3055284479926313e+19,0.041998551774076756,517.3436267676261,5524,0.04483749886966965,Supported
exp1,0.001,0.01,0.7368873865154758,2.590430325809686e-14,4667372727998.011,4.667372727998011e+24,0.042903692976104274,536.065190027135,5524,0.06844168608700116,Supported
exp1,0.001,0.01,0.9740282517223996,3.4146905309228187e-14,7.43980003072e+17,7.43980003072e+29,0.00018102824040550325,556.2063916746882,5524,0.0980562391901463,Supported
exp1,0.001,0.01,1.210373342213864,4.2358523533364764e-14,1.2213466993774035e+23,1.2213466993774035e+35,0.0,577.7301815772257,5524,0.1265874747960625,Supported
exp1,0.001,0.01,1.4475142074207885,5.063549040696462e-14,2.180843998132063e+28,2.180843998132063e+40,0.0,600.8520119294851,5524,0.1574478319741663,Supported
exp1,0.001,0.01,1.683859297912253,5.930474475613021e-14,3.846868306905319e+33,3.846868306905319e+45,0.0,625.5613157162816,5524,0.19068740729237565,Supported
exp1,0.001,0.01,1.9210001631191769,6.770030474149285e-14,7.202141658283935e+38,7.202141658283935e+50,0.0,652.2758193872451,5524,0.2268323597830544,Supported
exp1,0.001,0.01,2.158141028326101,7.59076106757481e-14,1.3654179006679748e+44,1.3654179006679747e+56,0.0,681.3202831186084,5524,0.2661812556895409,Supported
exp1,0.001,0.01,2.3944861188175657,8.413299828297563e-14,2.5054827575326194e+49,2.5054827575326194e+61,0.0,713.2004538795464,5524,0.3091507217141494,Supported
exp1,0.001,0.01,2.6316269840244897,9.252067520555764e-14,4.813543586596754e+54,4.8135435865967544e+66,0.0,748.9763166013288,5524,0.35681142019611267,Supported
exp1,0.001,0.01,2.8687678492314137,1.0108783620499533e-13,9.275445654177272e+59,9.275445654177272e+71,0.0,789.5673847662217,5524,0.4100444475414674,Supported
exp1,0.001,0.01,3.1051129397228783,1.0956403618410641e-13,1.7182778180813482e+65,1.7182778180813482e+77,0.0,835.8839656668666,5524,0.46986135371090904,Supported
exp1,0.001,0.01,3.3422538049298023,1.1795613334025953e-13,3.316798998172916e+70,3.316798998172916e+82,0.0,889.2180246776435,5524,0.5380145413452239,Supported
exp1,0.001,0.01,3.578598895421267,1.2623477469935455e-13,6.142670511595668e+75,6.1426705115956675e+87,0.0,950.0819464649172,5524,0.6154891752677479,Supported
exp1,0.001,0.01,3.815739760628191,1.3447158524423542e-13,1.1834897688090696e+81,1.1834897688090695e+93,0.0,1020.015729429028,5524,0.7045826530138503,Supported
exp1,0.001,0.01,4.052880625835115,1.428816648214719e-13,2.2757334724606437e+86,2.2757334724606438e+98,0.0,1100.8551705481034,5524,0.8076818596243338,Supported
exp1,0.001,0.01,4.28922571632658,1.5129100528893134e-13,4.190110840983334e+91,4.190110840983334e+103,0.0,1195.2883813142696,5524,0.9281067457566141,Supported
exp1,0.001,0.01,4.5263665815335035,1.594376385557927e-13,8.010080923283655e+96,8.010080923283655e+108,0.0,1307.3169669437411,5524,1.0712157550046868,Supported
exp1,0.001,0.01,4.763507446740428,1.6777352714076906e-13,1.5250526811011815e+102,1.5250526811011816e+114,0.0,1440.9737258615144,5524,1.2425939669983026,Supported
exp1,0.001,0.01,4.9998525372318925,1.7622534813381977e-13,2.7736150817798866e+107,2.7736150817798867e+119,0.0,1603.2241941140446,5524,1.4511014762296637,Supported
exp1,0.001,0.02,0.49974652130855146,1.7511022725163516e-14,54140487.3182726,5.41404873182726e+19,0.0391020999275887,517.3436267676261,5524,0.04497306198038672,Supported
exp1,0.001,0.02,0.7368873865154758,2.590430325809686e-14,6623824707100.693,6.623824707100694e+24,0.0389210716871832,536.065190027135,5524,0.06872648220841482,Supported
exp1,0.001,0.02,0.9740282517223996,3.4146905309228187e-14,9.068640482314756e+17,9.068640482314756e+29,0.0,556.2063916746882,5524,0.09807399335259248,Supported
exp1,0.001,0.02,1.210373342213864,4.2358523533364764e-14,1.28726475980007e+23,1.28726475980007e+35,0.0,577.7301815772257,5524,0.1265874747960625,Supported
exp1,0.001,0.02,1.4475142074207885,5.063549040696462e-14,2.0160070810720534e+28,2.0160070810720536e+40,0.0,600.8520119294851,5524,0.1574478319741663,Supported
exp1,0.001,0.02,1.683859297912253,5.930474475613021e-14,3.177354529703409e+33,3.177354529703409e+45,0.0,625.5613157162816,5524,0.19068740729237565,Supported
exp1,0.001,0.02,1.9210001631191769,6.770030474149285e-14,5.4148705275860546e+38,5.414870527586055e+50,0.0,652.2758193872451,5524,0.2268323597830544,Supported
exp1,0.001,0.02,2.158141028326101,7.59076106757481e-14,9.517721978659633e+43,9.517721978659634e+55,0.0,681.3202831186084,5524,0.2661812556895409,Supported
exp1,0.001,0.02,2.3944861188175657,8.413299828297563e-14,1.6467074655077692e+49,1.6467074655077693e+61,0.0,713.2004538795464,5524,0.3091507217141494,Supported
exp1,0.001,0.02,2.6316269840244897,9.252067520555764e-14,3.0252995211984735e+54,3.0252995211984734e+66,0.0,748.9763166013288,5524,0.35681142019611267,Supported
exp1,0.001,0.02,2.8687678492314137,1.0108783620499533e-13,5.640104597480154e+59,5.640104597480154e+71,0.0,789.5673847662217,5524,0.4100444475414674,Supported
exp1,0.001,0.02,3.1051129397228783,1.0956403618410641e-13,1.0201916855077849e+65,1.0201916855077849e+77,0.0,835.8839656668666,5524,0.46986135371090904,Supported
exp1,0.001,0.02,3.3422538049298023,1.1795613334025953e-13,1.9359237115020804e+70,1.9359237115020803e+82,0.0,889.2180246776435,5524,0.5380145413452239,Supported
exp1,0.001,0.02,3.578598895421267,1.2623477469935455e-13,3.542516855203663e+75,3.542516855203663e+87,0.0,950.0819464649172,5524,0.6154891752677479,Supported
exp1,0.001,0.02,3.815739760628191,1.3447158524423542e-13,6.768005604035508e+80,6.768005604035507e+92,0.0,1020.015729429028,5524,0.7045826530138503,Supported
exp1,0.001,0.02,4.052880625835115,1.428816648214719e-13,1.293827832842255e+86,1.293827832842255e+98,0.0,1100.8551705481034,5524,0.8076818596243338,Supported
exp1,0.001,0.02,4.28922571632658,1.5129100528893134e-13,2.372619319859964e+91,2.3726193198599644e+103,0.0,1195.2883813142696,5524,0.9281067457566141,Supported
exp1,0.001,0.02,4.5263665815335035,1.594376385557927e-13,4.522995660090488e+96,4.5229956600904886e+108,0.0,1307.3169669437411,5524,1.0712157550046868,Supported
exp1,0.001,0.02,4.763507446740428,1.6777352714076906e-13,8.594869270953986e+101,8.594869270953987e+113,0.0,1440.9737258615144,5524,1.2425939669983026,Supported
exp1,0.001,0.02,4.9998525372318925,1.7622534813381977e-13,1.5610923615703016e+107,1.5610923615703016e+119,0.0,1603.2241941140446,5524,1.4511014762296637,Supported
exp1,0.001,0.05,0.49974652130855146,1.7511022725163516e-14,162549678.21475503,1.6254967821475502e+20,0.0387400434467777,517.3436267676261,5524,0.044990007369226356,Supported
exp1,0.001,0.05,0.7368873865154758,2.590430325809686e-14,21933974867312.59,2.193397486731259e+25,0.0387400434467777,536.065190027135,5524,0.0687394274866609,Supported
exp1,0.001,0.05,0.9740282517223996,3.4146905309228187e-14,3.2814009839247995e+18,3.2814009839247995e+30,0.0,556.2063916746882,5524,0.09807399335259248,Supported
exp1,0.001,0.05,1.210373342213864,4.2358523533364764e-14,5.002057828411107e+23,5.0020578284111074e+35,0.0,577.7301815772257,5524,0.1265874747960625,Supported
exp1,0.001,0.05,1.4475142074207885,5.063549040696462e-14,8.274616095206536e+28,8.274616095206536e+40,0.0,600.8520119294851,5524,0.1574478319741663,Supported
exp1,0.001,0.05,1.683859297912253,5.930474475613021e-14,1.3584281323772342e+34,1.3584281323772342e+46,0.0,625.5613157162816,5524,0.19068740729237565,Supported
exp1,0.001,0.05,1.9210001631191769,6.770030474149285e-14,2.3864029394553963e+39,2.3864029394553964e+51,0.0,652.2758193872451,5524,0.2268323597830544,Supported
exp1,0.001,0.05,2.158141028326101,7.59076106757481e-14,4.289752695851312e+44,4.289752695851312e+56,0.0,681.3202831186084,5524,0.2661812556895409,Supported
exp1,0.001,0.05,2.3944861188175657,8.413299828297563e-14,7.545025247619439e+49,7.545025247619439e+61,0.0,713.2004538795464,5524,0.3091507217141494,Supported
exp1,0.001,0.05,2.6316269840244897,9.252067520555764e-14,1.4029562649900744e+55,1.4029562649900743e+67,0.0,748.9763166013288,5524,0.35681142019611267,Supported
exp1,0.001,0.05,2.8687678492314137,1.0108783620499533e-13,2.6383843783000983e+60,2.6383843783000983e+72,0.0,789.5673847662217,5524,0.4100444475414674,Supported
exp1,0.001,0.05,3.1051129397228783,1.0956403618410641e-13,4.801969488843771e+65,4.801969488843771e+77,0.0,835.8839656668666,5524,0.46986135371090904,Supported
exp1,0.001,0.05,3.3422538049298023,1.1795613334025953e-13,9.152333375472935e+70,9.152333375472935e+82,0.0,889.2180246776435,5524,0.5380145413452239,Supported
exp1,0.001,0.05,3.578598895421267,1.2623477469935455e-13,1.6799155026899518e+76,1.679915502689952e+88,0.0,950.0819464649172,5524,0.6154891752677479,Supported
exp1,0.001,0.05,3.815739760628191,1.3447158524423542e-13,3.216379743645496e+81,3.216379743645496e+93,0.0,1020.015729429028,5524,0.7045826530138503,Supported
exp1,0.001,0.05,4.052880625835115,1.428816648214719e-13,6.157838245647543e+86,6.157838245647543e+98,0.0,1100.8551705481034,5524,0.8076818596243338,Supported
exp1,0.001,0.05,4.28922571632658,1.5129100528893134e-13,1.1303790834387667e+92,1.1303790834387666e+104,0.0,1195.2883813142696,5524,0.9281067457566141,Supported
exp1,0.001,0.05,4.5263665815335035,1.594376385557927e-13,2.156400674937266e+97,2.156400674937266e+109,0.0,1307.3169669437411,5524,1.0712157550046868,Supported
exp1,0.001,0.05,4.763507446740428,1.6777352714076906e-13,4.099716407505003e+102,4.099716407505003e+114,0.0,1440.9737258615144,5524,1.2425939669983026,Supported
exp1,0.001,0.05,4.9998525372318925,1.7622534813381977e-13,7.448825764543986e+107,7.448825764543986e+119,0.0,1603.2241941140446,5524,1.4511014762296637,Supported
